"Customer ID",Customer_Average,Total_Spend,Spending_Rank
43,100.0000,100,1
96,100.0000,100,1
194,100.0000,100,1
205,100.0000,100,1
244,100.0000,100,1
249,100.0000,100,1
456,100.0000,100,1
519,100.0000,100,1
582,100.0000,100,1
616,100.0000,100,1
770,100.0000,100,1
862,100.0000,100,1
1209,100.0000,100,1
1301,100.0000,100,1
1406,100.0000,100,1
1413,100.0000,100,1
1422,100.0000,100,1
1457,100.0000,100,1
1480,100.0000,100,1
1592,100.0000,100,1
1848,100.0000,100,1
2072,100.0000,100,1
2215,100.0000,100,1
2286,100.0000,100,1
2431,100.0000,100,1
2803,100.0000,100,1
2808,100.0000,100,1
2843,100.0000,100,1
2959,100.0000,100,1
2972,100.0000,100,1
2995,100.0000,100,1
3029,100.0000,100,1
3266,100.0000,100,1
3322,100.0000,100,1
3726,100.0000,100,1
3838,100.0000,100,1
92,99.0000,99,2
293,99.0000,99,2
414,99.0000,99,2
458,99.0000,99,2
500,99.0000,99,2
564,99.0000,99,2
571,99.0000,99,2
757,99.0000,99,2
766,99.0000,99,2
886,99.0000,99,2
905,99.0000,99,2
909,99.0000,99,2
957,99.0000,99,2
960,99.0000,99,2
993,99.0000,99,2
1206,99.0000,99,2
1235,99.0000,99,2
1248,99.0000,99,2
1286,99.0000,99,2
1567,99.0000,99,2
1588,99.0000,99,2
1810,99.0000,99,2
1871,99.0000,99,2
1942,99.0000,99,2
2010,99.0000,99,2
2065,99.0000,99,2
2183,99.0000,99,2
2272,99.0000,99,2
2463,99.0000,99,2
2600,99.0000,99,2
2612,99.0000,99,2
2726,99.0000,99,2
2952,99.0000,99,2
2975,99.0000,99,2
3007,99.0000,99,2
3083,99.0000,99,2
3148,99.0000,99,2
3194,99.0000,99,2
3244,99.0000,99,2
3273,99.0000,99,2
3277,99.0000,99,2
3340,99.0000,99,2
3347,99.0000,99,2
3372,99.0000,99,2
3477,99.0000,99,2
3527,99.0000,99,2
3554,99.0000,99,2
3626,99.0000,99,2
3747,99.0000,99,2
3782,99.0000,99,2
3820,99.0000,99,2
3865,99.0000,99,2
101,98.0000,98,3
155,98.0000,98,3
301,98.0000,98,3
332,98.0000,98,3
544,98.0000,98,3
663,98.0000,98,3
901,98.0000,98,3
981,98.0000,98,3
1099,98.0000,98,3
1133,98.0000,98,3
1271,98.0000,98,3
1279,98.0000,98,3
1470,98.0000,98,3
1497,98.0000,98,3
1604,98.0000,98,3
1735,98.0000,98,3
1738,98.0000,98,3
1740,98.0000,98,3
1792,98.0000,98,3
1841,98.0000,98,3
1980,98.0000,98,3
1993,98.0000,98,3
2059,98.0000,98,3
2121,98.0000,98,3
2142,98.0000,98,3
2172,98.0000,98,3
2179,98.0000,98,3
2456,98.0000,98,3
2474,98.0000,98,3
2480,98.0000,98,3
2531,98.0000,98,3
2569,98.0000,98,3
2583,98.0000,98,3
2607,98.0000,98,3
2663,98.0000,98,3
2746,98.0000,98,3
2749,98.0000,98,3
2758,98.0000,98,3
2759,98.0000,98,3
2774,98.0000,98,3
2810,98.0000,98,3
3044,98.0000,98,3
3073,98.0000,98,3
3100,98.0000,98,3
3226,98.0000,98,3
3247,98.0000,98,3
3258,98.0000,98,3
3376,98.0000,98,3
3395,98.0000,98,3
3534,98.0000,98,3
3627,98.0000,98,3
3655,98.0000,98,3
9,97.0000,97,4
210,97.0000,97,4
455,97.0000,97,4
573,97.0000,97,4
728,97.0000,97,4
939,97.0000,97,4
945,97.0000,97,4
992,97.0000,97,4
1015,97.0000,97,4
1084,97.0000,97,4
1110,97.0000,97,4
1190,97.0000,97,4
1226,97.0000,97,4
1278,97.0000,97,4
1329,97.0000,97,4
1375,97.0000,97,4
1429,97.0000,97,4
1438,97.0000,97,4
1579,97.0000,97,4
1683,97.0000,97,4
1804,97.0000,97,4
1898,97.0000,97,4
1899,97.0000,97,4
1915,97.0000,97,4
1984,97.0000,97,4
1986,97.0000,97,4
2007,97.0000,97,4
2019,97.0000,97,4
2092,97.0000,97,4
2174,97.0000,97,4
2230,97.0000,97,4
2283,97.0000,97,4
2330,97.0000,97,4
2394,97.0000,97,4
2406,97.0000,97,4
2485,97.0000,97,4
2548,97.0000,97,4
2618,97.0000,97,4
2756,97.0000,97,4
2806,97.0000,97,4
2866,97.0000,97,4
2964,97.0000,97,4
2977,97.0000,97,4
3113,97.0000,97,4
3119,97.0000,97,4
3133,97.0000,97,4
3183,97.0000,97,4
3232,97.0000,97,4
3269,97.0000,97,4
3326,97.0000,97,4
3519,97.0000,97,4
3528,97.0000,97,4
3571,97.0000,97,4
3752,97.0000,97,4
3872,97.0000,97,4
80,96.0000,96,5
82,96.0000,96,5
106,96.0000,96,5
151,96.0000,96,5
183,96.0000,96,5
362,96.0000,96,5
457,96.0000,96,5
809,96.0000,96,5
987,96.0000,96,5
1055,96.0000,96,5
1067,96.0000,96,5
1074,96.0000,96,5
1107,96.0000,96,5
1117,96.0000,96,5
1165,96.0000,96,5
1182,96.0000,96,5
1385,96.0000,96,5
1719,96.0000,96,5
1803,96.0000,96,5
1830,96.0000,96,5
1872,96.0000,96,5
1994,96.0000,96,5
2051,96.0000,96,5
2216,96.0000,96,5
2240,96.0000,96,5
2247,96.0000,96,5
2253,96.0000,96,5
2260,96.0000,96,5
2274,96.0000,96,5
2308,96.0000,96,5
2412,96.0000,96,5
2446,96.0000,96,5
2484,96.0000,96,5
2493,96.0000,96,5
2576,96.0000,96,5
2662,96.0000,96,5
2700,96.0000,96,5
2828,96.0000,96,5
2996,96.0000,96,5
3063,96.0000,96,5
3235,96.0000,96,5
3331,96.0000,96,5
3353,96.0000,96,5
3430,96.0000,96,5
3442,96.0000,96,5
3504,96.0000,96,5
3511,96.0000,96,5
3561,96.0000,96,5
3644,96.0000,96,5
3709,96.0000,96,5
3741,96.0000,96,5
3742,96.0000,96,5
3878,96.0000,96,5
86,95.0000,95,6
115,95.0000,95,6
140,95.0000,95,6
146,95.0000,95,6
279,95.0000,95,6
302,95.0000,95,6
323,95.0000,95,6
680,95.0000,95,6
693,95.0000,95,6
751,95.0000,95,6
769,95.0000,95,6
1021,95.0000,95,6
1027,95.0000,95,6
1196,95.0000,95,6
1348,95.0000,95,6
1436,95.0000,95,6
1449,95.0000,95,6
1462,95.0000,95,6
1541,95.0000,95,6
1585,95.0000,95,6
1594,95.0000,95,6
1682,95.0000,95,6
1696,95.0000,95,6
1762,95.0000,95,6
1967,95.0000,95,6
1991,95.0000,95,6
2140,95.0000,95,6
2295,95.0000,95,6
2310,95.0000,95,6
2315,95.0000,95,6
2388,95.0000,95,6
2414,95.0000,95,6
2443,95.0000,95,6
2454,95.0000,95,6
2610,95.0000,95,6
2667,95.0000,95,6
2713,95.0000,95,6
2768,95.0000,95,6
2856,95.0000,95,6
2945,95.0000,95,6
3079,95.0000,95,6
3139,95.0000,95,6
3229,95.0000,95,6
3260,95.0000,95,6
3327,95.0000,95,6
3541,95.0000,95,6
3576,95.0000,95,6
3582,95.0000,95,6
3750,95.0000,95,6
3815,95.0000,95,6
3883,95.0000,95,6
29,94.0000,94,7
55,94.0000,94,7
67,94.0000,94,7
116,94.0000,94,7
135,94.0000,94,7
188,94.0000,94,7
195,94.0000,94,7
223,94.0000,94,7
283,94.0000,94,7
430,94.0000,94,7
553,94.0000,94,7
585,94.0000,94,7
619,94.0000,94,7
631,94.0000,94,7
780,94.0000,94,7
825,94.0000,94,7
826,94.0000,94,7
827,94.0000,94,7
930,94.0000,94,7
1006,94.0000,94,7
1069,94.0000,94,7
1170,94.0000,94,7
1205,94.0000,94,7
1212,94.0000,94,7
1284,94.0000,94,7
1560,94.0000,94,7
1758,94.0000,94,7
1779,94.0000,94,7
1821,94.0000,94,7
1971,94.0000,94,7
1981,94.0000,94,7
2012,94.0000,94,7
2052,94.0000,94,7
2085,94.0000,94,7
2136,94.0000,94,7
2154,94.0000,94,7
2190,94.0000,94,7
2214,94.0000,94,7
2252,94.0000,94,7
2266,94.0000,94,7
2328,94.0000,94,7
2337,94.0000,94,7
2377,94.0000,94,7
2378,94.0000,94,7
2502,94.0000,94,7
2505,94.0000,94,7
2709,94.0000,94,7
2744,94.0000,94,7
2773,94.0000,94,7
3128,94.0000,94,7
3199,94.0000,94,7
3283,94.0000,94,7
3315,94.0000,94,7
3336,94.0000,94,7
3339,94.0000,94,7
3415,94.0000,94,7
3559,94.0000,94,7
3570,94.0000,94,7
3677,94.0000,94,7
3763,94.0000,94,7
3786,94.0000,94,7
3873,94.0000,94,7
214,93.0000,93,8
386,93.0000,93,8
388,93.0000,93,8
405,93.0000,93,8
462,93.0000,93,8
567,93.0000,93,8
645,93.0000,93,8
650,93.0000,93,8
1261,93.0000,93,8
1285,93.0000,93,8
1289,93.0000,93,8
1319,93.0000,93,8
1411,93.0000,93,8
1454,93.0000,93,8
1516,93.0000,93,8
1566,93.0000,93,8
1610,93.0000,93,8
1654,93.0000,93,8
1685,93.0000,93,8
1712,93.0000,93,8
1749,93.0000,93,8
1755,93.0000,93,8
1764,93.0000,93,8
1927,93.0000,93,8
2111,93.0000,93,8
2137,93.0000,93,8
2178,93.0000,93,8
2324,93.0000,93,8
2359,93.0000,93,8
2479,93.0000,93,8
2584,93.0000,93,8
2606,93.0000,93,8
2611,93.0000,93,8
2735,93.0000,93,8
2858,93.0000,93,8
2950,93.0000,93,8
2981,93.0000,93,8
3049,93.0000,93,8
3114,93.0000,93,8
3187,93.0000,93,8
3410,93.0000,93,8
3434,93.0000,93,8
3440,93.0000,93,8
3608,93.0000,93,8
3756,93.0000,93,8
3834,93.0000,93,8
98,92.0000,92,9
212,92.0000,92,9
434,92.0000,92,9
605,92.0000,92,9
746,92.0000,92,9
1073,92.0000,92,9
1163,92.0000,92,9
1198,92.0000,92,9
1238,92.0000,92,9
1265,92.0000,92,9
1443,92.0000,92,9
1465,92.0000,92,9
1573,92.0000,92,9
1584,92.0000,92,9
1605,92.0000,92,9
1774,92.0000,92,9
1794,92.0000,92,9
1815,92.0000,92,9
1929,92.0000,92,9
2067,92.0000,92,9
2161,92.0000,92,9
2265,92.0000,92,9
2345,92.0000,92,9
2470,92.0000,92,9
2482,92.0000,92,9
2516,92.0000,92,9
2696,92.0000,92,9
2716,92.0000,92,9
2727,92.0000,92,9
2789,92.0000,92,9
3110,92.0000,92,9
3166,92.0000,92,9
3205,92.0000,92,9
3323,92.0000,92,9
3538,92.0000,92,9
3733,92.0000,92,9
3796,92.0000,92,9
3887,92.0000,92,9
35,91.0000,91,10
79,91.0000,91,10
208,91.0000,91,10
402,91.0000,91,10
420,91.0000,91,10
428,91.0000,91,10
459,91.0000,91,10
690,91.0000,91,10
711,91.0000,91,10
762,91.0000,91,10
819,91.0000,91,10
885,91.0000,91,10
898,91.0000,91,10
943,91.0000,91,10
997,91.0000,91,10
1138,91.0000,91,10
1169,91.0000,91,10
1227,91.0000,91,10
1332,91.0000,91,10
1347,91.0000,91,10
1356,91.0000,91,10
1512,91.0000,91,10
1887,91.0000,91,10
1982,91.0000,91,10
2088,91.0000,91,10
2094,91.0000,91,10
2177,91.0000,91,10
2220,91.0000,91,10
2289,91.0000,91,10
2366,91.0000,91,10
2481,91.0000,91,10
2679,91.0000,91,10
2725,91.0000,91,10
2767,91.0000,91,10
2813,91.0000,91,10
2897,91.0000,91,10
2926,91.0000,91,10
2951,91.0000,91,10
2980,91.0000,91,10
2991,91.0000,91,10
2997,91.0000,91,10
3054,91.0000,91,10
3248,91.0000,91,10
3294,91.0000,91,10
3346,91.0000,91,10
3423,91.0000,91,10
3436,91.0000,91,10
3680,91.0000,91,10
3689,91.0000,91,10
3720,91.0000,91,10
3818,91.0000,91,10
4,90.0000,90,11
20,90.0000,90,11
149,90.0000,90,11
228,90.0000,90,11
238,90.0000,90,11
352,90.0000,90,11
477,90.0000,90,11
557,90.0000,90,11
579,90.0000,90,11
607,90.0000,90,11
630,90.0000,90,11
702,90.0000,90,11
706,90.0000,90,11
714,90.0000,90,11
718,90.0000,90,11
837,90.0000,90,11
949,90.0000,90,11
975,90.0000,90,11
977,90.0000,90,11
994,90.0000,90,11
999,90.0000,90,11
1028,90.0000,90,11
1126,90.0000,90,11
1136,90.0000,90,11
1208,90.0000,90,11
1364,90.0000,90,11
1416,90.0000,90,11
1428,90.0000,90,11
1463,90.0000,90,11
1515,90.0000,90,11
1645,90.0000,90,11
1676,90.0000,90,11
1895,90.0000,90,11
1960,90.0000,90,11
1966,90.0000,90,11
2002,90.0000,90,11
2141,90.0000,90,11
2246,90.0000,90,11
2441,90.0000,90,11
2509,90.0000,90,11
2520,90.0000,90,11
2565,90.0000,90,11
2574,90.0000,90,11
2634,90.0000,90,11
2693,90.0000,90,11
2719,90.0000,90,11
2825,90.0000,90,11
2831,90.0000,90,11
2882,90.0000,90,11
3076,90.0000,90,11
3153,90.0000,90,11
3156,90.0000,90,11
3216,90.0000,90,11
3251,90.0000,90,11
3394,90.0000,90,11
3414,90.0000,90,11
3564,90.0000,90,11
3588,90.0000,90,11
3607,90.0000,90,11
3646,90.0000,90,11
104,89.0000,89,12
124,89.0000,89,12
128,89.0000,89,12
236,89.0000,89,12
313,89.0000,89,12
441,89.0000,89,12
621,89.0000,89,12
670,89.0000,89,12
808,89.0000,89,12
835,89.0000,89,12
879,89.0000,89,12
940,89.0000,89,12
1031,89.0000,89,12
1036,89.0000,89,12
1146,89.0000,89,12
1159,89.0000,89,12
1188,89.0000,89,12
1200,89.0000,89,12
1353,89.0000,89,12
1538,89.0000,89,12
1544,89.0000,89,12
1768,89.0000,89,12
1889,89.0000,89,12
1941,89.0000,89,12
2000,89.0000,89,12
2083,89.0000,89,12
2087,89.0000,89,12
2089,89.0000,89,12
2173,89.0000,89,12
2212,89.0000,89,12
2251,89.0000,89,12
2343,89.0000,89,12
2403,89.0000,89,12
2770,89.0000,89,12
2800,89.0000,89,12
2812,89.0000,89,12
2821,89.0000,89,12
3160,89.0000,89,12
3456,89.0000,89,12
3469,89.0000,89,12
3487,89.0000,89,12
3592,89.0000,89,12
3624,89.0000,89,12
3814,89.0000,89,12
24,88.0000,88,13
197,88.0000,88,13
220,88.0000,88,13
231,88.0000,88,13
242,88.0000,88,13
364,88.0000,88,13
365,88.0000,88,13
366,88.0000,88,13
397,88.0000,88,13
415,88.0000,88,13
466,88.0000,88,13
481,88.0000,88,13
482,88.0000,88,13
523,88.0000,88,13
529,88.0000,88,13
569,88.0000,88,13
641,88.0000,88,13
842,88.0000,88,13
926,88.0000,88,13
1197,88.0000,88,13
1269,88.0000,88,13
1432,88.0000,88,13
1524,88.0000,88,13
1572,88.0000,88,13
1630,88.0000,88,13
1694,88.0000,88,13
1766,88.0000,88,13
1783,88.0000,88,13
2071,88.0000,88,13
2105,88.0000,88,13
2167,88.0000,88,13
2198,88.0000,88,13
2222,88.0000,88,13
2237,88.0000,88,13
2297,88.0000,88,13
2301,88.0000,88,13
2401,88.0000,88,13
2557,88.0000,88,13
2614,88.0000,88,13
2708,88.0000,88,13
2838,88.0000,88,13
2933,88.0000,88,13
2957,88.0000,88,13
3078,88.0000,88,13
3154,88.0000,88,13
3180,88.0000,88,13
3181,88.0000,88,13
3276,88.0000,88,13
3476,88.0000,88,13
3557,88.0000,88,13
3567,88.0000,88,13
3629,88.0000,88,13
3735,88.0000,88,13
3751,88.0000,88,13
3860,88.0000,88,13
93,87.0000,87,14
350,87.0000,87,14
426,87.0000,87,14
511,87.0000,87,14
625,87.0000,87,14
704,87.0000,87,14
843,87.0000,87,14
861,87.0000,87,14
1259,87.0000,87,14
1312,87.0000,87,14
1698,87.0000,87,14
1707,87.0000,87,14
1713,87.0000,87,14
1732,87.0000,87,14
2038,87.0000,87,14
2126,87.0000,87,14
2133,87.0000,87,14
2299,87.0000,87,14
2390,87.0000,87,14
2421,87.0000,87,14
2483,87.0000,87,14
2643,87.0000,87,14
2728,87.0000,87,14
2859,87.0000,87,14
2909,87.0000,87,14
3161,87.0000,87,14
3190,87.0000,87,14
3406,87.0000,87,14
3458,87.0000,87,14
3502,87.0000,87,14
3591,87.0000,87,14
3595,87.0000,87,14
3714,87.0000,87,14
3770,87.0000,87,14
3845,87.0000,87,14
117,86.0000,86,15
125,86.0000,86,15
137,86.0000,86,15
176,86.0000,86,15
247,86.0000,86,15
333,86.0000,86,15
392,86.0000,86,15
433,86.0000,86,15
576,86.0000,86,15
588,86.0000,86,15
676,86.0000,86,15
852,86.0000,86,15
1152,86.0000,86,15
1252,86.0000,86,15
1338,86.0000,86,15
1382,86.0000,86,15
1508,86.0000,86,15
1662,86.0000,86,15
1820,86.0000,86,15
2064,86.0000,86,15
2104,86.0000,86,15
2462,86.0000,86,15
2533,86.0000,86,15
2599,86.0000,86,15
2743,86.0000,86,15
2879,86.0000,86,15
2896,86.0000,86,15
2942,86.0000,86,15
3009,86.0000,86,15
3278,86.0000,86,15
3605,86.0000,86,15
3611,86.0000,86,15
3685,86.0000,86,15
3772,86.0000,86,15
3817,86.0000,86,15
3832,86.0000,86,15
3893,86.0000,86,15
7,85.0000,85,16
74,85.0000,85,16
76,85.0000,85,16
102,85.0000,85,16
110,85.0000,85,16
153,85.0000,85,16
243,85.0000,85,16
276,85.0000,85,16
290,85.0000,85,16
311,85.0000,85,16
336,85.0000,85,16
373,85.0000,85,16
490,85.0000,85,16
615,85.0000,85,16
629,85.0000,85,16
669,85.0000,85,16
753,85.0000,85,16
788,85.0000,85,16
1009,85.0000,85,16
1083,85.0000,85,16
1086,85.0000,85,16
1298,85.0000,85,16
1337,85.0000,85,16
1388,85.0000,85,16
1461,85.0000,85,16
1500,85.0000,85,16
1599,85.0000,85,16
1734,85.0000,85,16
1751,85.0000,85,16
1823,85.0000,85,16
1858,85.0000,85,16
1901,85.0000,85,16
2112,85.0000,85,16
2116,85.0000,85,16
2368,85.0000,85,16
2459,85.0000,85,16
2661,85.0000,85,16
2790,85.0000,85,16
2941,85.0000,85,16
2987,85.0000,85,16
3101,85.0000,85,16
3103,85.0000,85,16
3136,85.0000,85,16
3140,85.0000,85,16
3163,85.0000,85,16
3217,85.0000,85,16
3470,85.0000,85,16
3478,85.0000,85,16
3523,85.0000,85,16
3718,85.0000,85,16
3727,85.0000,85,16
3877,85.0000,85,16
121,84.0000,84,17
213,84.0000,84,17
305,84.0000,84,17
480,84.0000,84,17
521,84.0000,84,17
530,84.0000,84,17
537,84.0000,84,17
744,84.0000,84,17
774,84.0000,84,17
790,84.0000,84,17
816,84.0000,84,17
863,84.0000,84,17
890,84.0000,84,17
934,84.0000,84,17
937,84.0000,84,17
989,84.0000,84,17
1026,84.0000,84,17
1121,84.0000,84,17
1322,84.0000,84,17
1509,84.0000,84,17
1561,84.0000,84,17
1721,84.0000,84,17
1910,84.0000,84,17
1921,84.0000,84,17
2029,84.0000,84,17
2159,84.0000,84,17
2239,84.0000,84,17
2323,84.0000,84,17
2349,84.0000,84,17
2465,84.0000,84,17
2467,84.0000,84,17
2501,84.0000,84,17
2649,84.0000,84,17
2665,84.0000,84,17
2836,84.0000,84,17
2877,84.0000,84,17
3088,84.0000,84,17
3223,84.0000,84,17
3237,84.0000,84,17
3239,84.0000,84,17
3701,84.0000,84,17
3802,84.0000,84,17
3837,84.0000,84,17
3843,84.0000,84,17
65,83.0000,83,18
90,83.0000,83,18
225,83.0000,83,18
234,83.0000,83,18
372,83.0000,83,18
595,83.0000,83,18
664,83.0000,83,18
665,83.0000,83,18
811,83.0000,83,18
869,83.0000,83,18
1007,83.0000,83,18
1103,83.0000,83,18
1106,83.0000,83,18
1137,83.0000,83,18
1168,83.0000,83,18
1177,83.0000,83,18
1268,83.0000,83,18
1354,83.0000,83,18
1437,83.0000,83,18
1532,83.0000,83,18
1593,83.0000,83,18
1703,83.0000,83,18
1710,83.0000,83,18
2157,83.0000,83,18
2298,83.0000,83,18
2396,83.0000,83,18
2417,83.0000,83,18
2457,83.0000,83,18
2472,83.0000,83,18
2601,83.0000,83,18
2645,83.0000,83,18
2656,83.0000,83,18
2723,83.0000,83,18
2734,83.0000,83,18
2829,83.0000,83,18
2914,83.0000,83,18
2949,83.0000,83,18
3147,83.0000,83,18
3250,83.0000,83,18
3386,83.0000,83,18
3413,83.0000,83,18
3437,83.0000,83,18
3535,83.0000,83,18
3544,83.0000,83,18
3581,83.0000,83,18
3597,83.0000,83,18
3704,83.0000,83,18
3728,83.0000,83,18
3775,83.0000,83,18
3852,83.0000,83,18
190,82.0000,82,19
318,82.0000,82,19
325,82.0000,82,19
389,82.0000,82,19
393,82.0000,82,19
448,82.0000,82,19
685,82.0000,82,19
798,82.0000,82,19
920,82.0000,82,19
1155,82.0000,82,19
1204,82.0000,82,19
1537,82.0000,82,19
1772,82.0000,82,19
1799,82.0000,82,19
1953,82.0000,82,19
2006,82.0000,82,19
2016,82.0000,82,19
2048,82.0000,82,19
2070,82.0000,82,19
2180,82.0000,82,19
2236,82.0000,82,19
2261,82.0000,82,19
2277,82.0000,82,19
2290,82.0000,82,19
2397,82.0000,82,19
2423,82.0000,82,19
2489,82.0000,82,19
2507,82.0000,82,19
2631,82.0000,82,19
2720,82.0000,82,19
2761,82.0000,82,19
2762,82.0000,82,19
2886,82.0000,82,19
2908,82.0000,82,19
2927,82.0000,82,19
2954,82.0000,82,19
3025,82.0000,82,19
3030,82.0000,82,19
3102,82.0000,82,19
3291,82.0000,82,19
3298,82.0000,82,19
3303,82.0000,82,19
3475,82.0000,82,19
3491,82.0000,82,19
3494,82.0000,82,19
3593,82.0000,82,19
3612,82.0000,82,19
3621,82.0000,82,19
3625,82.0000,82,19
3658,82.0000,82,19
3730,82.0000,82,19
3795,82.0000,82,19
3829,82.0000,82,19
16,81.0000,81,20
136,81.0000,81,20
177,81.0000,81,20
181,81.0000,81,20
337,81.0000,81,20
418,81.0000,81,20
442,81.0000,81,20
463,81.0000,81,20
464,81.0000,81,20
713,81.0000,81,20
810,81.0000,81,20
921,81.0000,81,20
1070,81.0000,81,20
1072,81.0000,81,20
1135,81.0000,81,20
1176,81.0000,81,20
1215,81.0000,81,20
1282,81.0000,81,20
1299,81.0000,81,20
1400,81.0000,81,20
1656,81.0000,81,20
1708,81.0000,81,20
1781,81.0000,81,20
1912,81.0000,81,20
1968,81.0000,81,20
2069,81.0000,81,20
2309,81.0000,81,20
2360,81.0000,81,20
2399,81.0000,81,20
2424,81.0000,81,20
2564,81.0000,81,20
2582,81.0000,81,20
2595,81.0000,81,20
2646,81.0000,81,20
2658,81.0000,81,20
2706,81.0000,81,20
2739,81.0000,81,20
2742,81.0000,81,20
2876,81.0000,81,20
3021,81.0000,81,20
3092,81.0000,81,20
3112,81.0000,81,20
3245,81.0000,81,20
3343,81.0000,81,20
3361,81.0000,81,20
3512,81.0000,81,20
3601,81.0000,81,20
3673,81.0000,81,20
3753,81.0000,81,20
3797,81.0000,81,20
3891,81.0000,81,20
3900,81.0000,81,20
169,80.0000,80,21
300,80.0000,80,21
357,80.0000,80,21
510,80.0000,80,21
581,80.0000,80,21
658,80.0000,80,21
833,80.0000,80,21
844,80.0000,80,21
986,80.0000,80,21
996,80.0000,80,21
1043,80.0000,80,21
1092,80.0000,80,21
1114,80.0000,80,21
1231,80.0000,80,21
1273,80.0000,80,21
1505,80.0000,80,21
1580,80.0000,80,21
1591,80.0000,80,21
1634,80.0000,80,21
1652,80.0000,80,21
1743,80.0000,80,21
1829,80.0000,80,21
1831,80.0000,80,21
1852,80.0000,80,21
1853,80.0000,80,21
1950,80.0000,80,21
1996,80.0000,80,21
2199,80.0000,80,21
2361,80.0000,80,21
2536,80.0000,80,21
2636,80.0000,80,21
2740,80.0000,80,21
2786,80.0000,80,21
2840,80.0000,80,21
2929,80.0000,80,21
3061,80.0000,80,21
3167,80.0000,80,21
3225,80.0000,80,21
3301,80.0000,80,21
3516,80.0000,80,21
3594,80.0000,80,21
3663,80.0000,80,21
3676,80.0000,80,21
3743,80.0000,80,21
3761,80.0000,80,21
3788,80.0000,80,21
32,79.0000,79,22
60,79.0000,79,22
64,79.0000,79,22
109,79.0000,79,22
229,79.0000,79,22
339,79.0000,79,22
543,79.0000,79,22
575,79.0000,79,22
626,79.0000,79,22
627,79.0000,79,22
661,79.0000,79,22
701,79.0000,79,22
710,79.0000,79,22
725,79.0000,79,22
742,79.0000,79,22
1005,79.0000,79,22
1046,79.0000,79,22
1219,79.0000,79,22
1232,79.0000,79,22
1241,79.0000,79,22
1266,79.0000,79,22
1313,79.0000,79,22
1414,79.0000,79,22
1456,79.0000,79,22
1817,79.0000,79,22
1989,79.0000,79,22
2204,79.0000,79,22
2255,79.0000,79,22
2316,79.0000,79,22
2335,79.0000,79,22
2364,79.0000,79,22
2497,79.0000,79,22
2788,79.0000,79,22
2845,79.0000,79,22
2851,79.0000,79,22
3005,79.0000,79,22
3042,79.0000,79,22
3120,79.0000,79,22
3249,79.0000,79,22
3285,79.0000,79,22
3305,79.0000,79,22
3350,79.0000,79,22
3407,79.0000,79,22
3481,79.0000,79,22
3547,79.0000,79,22
3708,79.0000,79,22
3731,79.0000,79,22
3811,79.0000,79,22
3853,79.0000,79,22
198,78.0000,78,23
265,78.0000,78,23
324,78.0000,78,23
375,78.0000,78,23
403,78.0000,78,23
499,78.0000,78,23
552,78.0000,78,23
584,78.0000,78,23
642,78.0000,78,23
727,78.0000,78,23
729,78.0000,78,23
797,78.0000,78,23
925,78.0000,78,23
928,78.0000,78,23
931,78.0000,78,23
985,78.0000,78,23
1211,78.0000,78,23
1281,78.0000,78,23
1620,78.0000,78,23
1648,78.0000,78,23
1775,78.0000,78,23
1840,78.0000,78,23
1843,78.0000,78,23
1846,78.0000,78,23
1951,78.0000,78,23
1979,78.0000,78,23
2082,78.0000,78,23
2100,78.0000,78,23
2188,78.0000,78,23
2194,78.0000,78,23
2307,78.0000,78,23
2355,78.0000,78,23
2491,78.0000,78,23
2597,78.0000,78,23
2910,78.0000,78,23
3168,78.0000,78,23
3191,78.0000,78,23
3215,78.0000,78,23
3324,78.0000,78,23
3388,78.0000,78,23
3443,78.0000,78,23
3451,78.0000,78,23
3461,78.0000,78,23
3857,78.0000,78,23
3895,78.0000,78,23
156,77.0000,77,24
262,77.0000,77,24
314,77.0000,77,24
384,77.0000,77,24
559,77.0000,77,24
583,77.0000,77,24
596,77.0000,77,24
768,77.0000,77,24
874,77.0000,77,24
889,77.0000,77,24
1049,77.0000,77,24
1118,77.0000,77,24
1239,77.0000,77,24
1325,77.0000,77,24
1542,77.0000,77,24
1582,77.0000,77,24
1587,77.0000,77,24
1644,77.0000,77,24
1647,77.0000,77,24
1812,77.0000,77,24
1838,77.0000,77,24
1870,77.0000,77,24
1955,77.0000,77,24
1976,77.0000,77,24
1983,77.0000,77,24
2213,77.0000,77,24
2242,77.0000,77,24
2332,77.0000,77,24
2334,77.0000,77,24
2380,77.0000,77,24
2504,77.0000,77,24
2619,77.0000,77,24
2677,77.0000,77,24
2846,77.0000,77,24
2947,77.0000,77,24
3022,77.0000,77,24
3124,77.0000,77,24
3159,77.0000,77,24
3162,77.0000,77,24
3584,77.0000,77,24
3660,77.0000,77,24
3666,77.0000,77,24
3684,77.0000,77,24
3805,77.0000,77,24
3859,77.0000,77,24
3899,77.0000,77,24
41,76.0000,76,25
95,76.0000,76,25
120,76.0000,76,25
150,76.0000,76,25
192,76.0000,76,25
355,76.0000,76,25
383,76.0000,76,25
408,76.0000,76,25
432,76.0000,76,25
475,76.0000,76,25
533,76.0000,76,25
572,76.0000,76,25
668,76.0000,76,25
831,76.0000,76,25
856,76.0000,76,25
880,76.0000,76,25
1020,76.0000,76,25
1044,76.0000,76,25
1102,76.0000,76,25
1143,76.0000,76,25
1174,76.0000,76,25
1245,76.0000,76,25
1441,76.0000,76,25
1495,76.0000,76,25
1525,76.0000,76,25
1569,76.0000,76,25
1844,76.0000,76,25
1851,76.0000,76,25
1856,76.0000,76,25
1902,76.0000,76,25
2262,76.0000,76,25
2338,76.0000,76,25
2402,76.0000,76,25
2451,76.0000,76,25
2475,76.0000,76,25
2624,76.0000,76,25
2657,76.0000,76,25
2738,76.0000,76,25
2801,76.0000,76,25
2805,76.0000,76,25
3051,76.0000,76,25
3065,76.0000,76,25
3121,76.0000,76,25
3127,76.0000,76,25
3193,76.0000,76,25
3222,76.0000,76,25
3246,76.0000,76,25
3411,76.0000,76,25
3599,76.0000,76,25
3854,76.0000,76,25
112,75.0000,75,26
267,75.0000,75,26
881,75.0000,75,26
956,75.0000,75,26
974,75.0000,75,26
1063,75.0000,75,26
1071,75.0000,75,26
1316,75.0000,75,26
1365,75.0000,75,26
1370,75.0000,75,26
1419,75.0000,75,26
1420,75.0000,75,26
1528,75.0000,75,26
1529,75.0000,75,26
1559,75.0000,75,26
1563,75.0000,75,26
1577,75.0000,75,26
1687,75.0000,75,26
1693,75.0000,75,26
1770,75.0000,75,26
1826,75.0000,75,26
1836,75.0000,75,26
2108,75.0000,75,26
2191,75.0000,75,26
2506,75.0000,75,26
2570,75.0000,75,26
2623,75.0000,75,26
2641,75.0000,75,26
2669,75.0000,75,26
2688,75.0000,75,26
2733,75.0000,75,26
2863,75.0000,75,26
2867,75.0000,75,26
3313,75.0000,75,26
3379,75.0000,75,26
3485,75.0000,75,26
3620,75.0000,75,26
3780,75.0000,75,26
3790,75.0000,75,26
3813,75.0000,75,26
163,74.0000,74,27
227,74.0000,74,27
259,74.0000,74,27
297,74.0000,74,27
320,74.0000,74,27
360,74.0000,74,27
406,74.0000,74,27
413,74.0000,74,27
447,74.0000,74,27
547,74.0000,74,27
679,74.0000,74,27
748,74.0000,74,27
912,74.0000,74,27
955,74.0000,74,27
1039,74.0000,74,27
1213,74.0000,74,27
1294,74.0000,74,27
1323,74.0000,74,27
1481,74.0000,74,27
1536,74.0000,74,27
1892,74.0000,74,27
1908,74.0000,74,27
1916,74.0000,74,27
2155,74.0000,74,27
2169,74.0000,74,27
2228,74.0000,74,27
2392,74.0000,74,27
2556,74.0000,74,27
2971,74.0000,74,27
3032,74.0000,74,27
3048,74.0000,74,27
3059,74.0000,74,27
3234,74.0000,74,27
3243,74.0000,74,27
3267,74.0000,74,27
3349,74.0000,74,27
3360,74.0000,74,27
3393,74.0000,74,27
3514,74.0000,74,27
3525,74.0000,74,27
3551,74.0000,74,27
3661,74.0000,74,27
3851,74.0000,74,27
3,73.0000,73,28
57,73.0000,73,28
97,73.0000,73,28
159,73.0000,73,28
200,73.0000,73,28
254,73.0000,73,28
419,73.0000,73,28
484,73.0000,73,28
485,73.0000,73,28
849,73.0000,73,28
860,73.0000,73,28
1100,73.0000,73,28
1132,73.0000,73,28
1185,73.0000,73,28
1234,73.0000,73,28
1275,73.0000,73,28
1326,73.0000,73,28
1487,73.0000,73,28
1519,73.0000,73,28
1520,73.0000,73,28
1671,73.0000,73,28
1673,73.0000,73,28
1690,73.0000,73,28
1849,73.0000,73,28
2028,73.0000,73,28
2146,73.0000,73,28
2305,73.0000,73,28
2375,73.0000,73,28
2432,73.0000,73,28
2434,73.0000,73,28
2473,73.0000,73,28
2500,73.0000,73,28
2517,73.0000,73,28
2540,73.0000,73,28
2797,73.0000,73,28
2819,73.0000,73,28
2852,73.0000,73,28
2892,73.0000,73,28
2919,73.0000,73,28
3010,73.0000,73,28
3070,73.0000,73,28
3087,73.0000,73,28
3299,73.0000,73,28
3431,73.0000,73,28
3452,73.0000,73,28
3463,73.0000,73,28
3590,73.0000,73,28
3631,73.0000,73,28
3633,73.0000,73,28
3682,73.0000,73,28
3828,73.0000,73,28
13,72.0000,72,29
81,72.0000,72,29
122,72.0000,72,29
321,72.0000,72,29
472,72.0000,72,29
535,72.0000,72,29
611,72.0000,72,29
617,72.0000,72,29
752,72.0000,72,29
785,72.0000,72,29
847,72.0000,72,29
962,72.0000,72,29
1077,72.0000,72,29
1341,72.0000,72,29
1390,72.0000,72,29
1466,72.0000,72,29
1475,72.0000,72,29
1523,72.0000,72,29
1590,72.0000,72,29
1608,72.0000,72,29
1619,72.0000,72,29
1725,72.0000,72,29
1744,72.0000,72,29
1816,72.0000,72,29
1865,72.0000,72,29
1961,72.0000,72,29
2004,72.0000,72,29
2227,72.0000,72,29
2271,72.0000,72,29
2384,72.0000,72,29
2455,72.0000,72,29
2468,72.0000,72,29
2471,72.0000,72,29
2526,72.0000,72,29
2687,72.0000,72,29
2822,72.0000,72,29
2849,72.0000,72,29
2915,72.0000,72,29
2921,72.0000,72,29
3188,72.0000,72,29
3409,72.0000,72,29
3435,72.0000,72,29
3659,72.0000,72,29
3713,72.0000,72,29
3799,72.0000,72,29
3803,72.0000,72,29
345,71.0000,71,30
353,71.0000,71,30
391,71.0000,71,30
427,71.0000,71,30
686,71.0000,71,30
703,71.0000,71,30
750,71.0000,71,30
759,71.0000,71,30
953,71.0000,71,30
1024,71.0000,71,30
1075,71.0000,71,30
1088,71.0000,71,30
1351,71.0000,71,30
1467,71.0000,71,30
1472,71.0000,71,30
1581,71.0000,71,30
1679,71.0000,71,30
1715,71.0000,71,30
1809,71.0000,71,30
1832,71.0000,71,30
1876,71.0000,71,30
1905,71.0000,71,30
1909,71.0000,71,30
1918,71.0000,71,30
2091,71.0000,71,30
2124,71.0000,71,30
2241,71.0000,71,30
2259,71.0000,71,30
2304,71.0000,71,30
2354,71.0000,71,30
2371,71.0000,71,30
2379,71.0000,71,30
2560,71.0000,71,30
2666,71.0000,71,30
2730,71.0000,71,30
2853,71.0000,71,30
2992,71.0000,71,30
3018,71.0000,71,30
3060,71.0000,71,30
3186,71.0000,71,30
3198,71.0000,71,30
3227,71.0000,71,30
3402,71.0000,71,30
3424,71.0000,71,30
3439,71.0000,71,30
3455,71.0000,71,30
3569,71.0000,71,30
3598,71.0000,71,30
3643,71.0000,71,30
3669,71.0000,71,30
3725,71.0000,71,30
3807,71.0000,71,30
3844,71.0000,71,30
70,70.0000,70,31
191,70.0000,70,31
326,70.0000,70,31
590,70.0000,70,31
624,70.0000,70,31
648,70.0000,70,31
715,70.0000,70,31
899,70.0000,70,31
1019,70.0000,70,31
1054,70.0000,70,31
1192,70.0000,70,31
1264,70.0000,70,31
1643,70.0000,70,31
1688,70.0000,70,31
1701,70.0000,70,31
1750,70.0000,70,31
1969,70.0000,70,31
2005,70.0000,70,31
2014,70.0000,70,31
2036,70.0000,70,31
2039,70.0000,70,31
2062,70.0000,70,31
2545,70.0000,70,31
2655,70.0000,70,31
2694,70.0000,70,31
2722,70.0000,70,31
2741,70.0000,70,31
2766,70.0000,70,31
2781,70.0000,70,31
2785,70.0000,70,31
2924,70.0000,70,31
2958,70.0000,70,31
3001,70.0000,70,31
3012,70.0000,70,31
3027,70.0000,70,31
3055,70.0000,70,31
3145,70.0000,70,31
3279,70.0000,70,31
3309,70.0000,70,31
3348,70.0000,70,31
3391,70.0000,70,31
3521,70.0000,70,31
3575,70.0000,70,31
3687,70.0000,70,31
37,69.0000,69,32
44,69.0000,69,32
272,69.0000,69,32
280,69.0000,69,32
281,69.0000,69,32
381,69.0000,69,32
443,69.0000,69,32
492,69.0000,69,32
598,69.0000,69,32
735,69.0000,69,32
741,69.0000,69,32
867,69.0000,69,32
896,69.0000,69,32
1014,69.0000,69,32
1222,69.0000,69,32
1223,69.0000,69,32
1334,69.0000,69,32
1366,69.0000,69,32
1501,69.0000,69,32
1649,69.0000,69,32
1697,69.0000,69,32
1716,69.0000,69,32
1859,69.0000,69,32
2162,69.0000,69,32
2192,69.0000,69,32
2419,69.0000,69,32
3109,69.0000,69,32
3228,69.0000,69,32
3282,69.0000,69,32
3429,69.0000,69,32
3471,69.0000,69,32
3518,69.0000,69,32
3757,69.0000,69,32
3889,69.0000,69,32
12,68.0000,68,33
62,68.0000,68,33
158,68.0000,68,33
222,68.0000,68,33
237,68.0000,68,33
351,68.0000,68,33
488,68.0000,68,33
495,68.0000,68,33
574,68.0000,68,33
577,68.0000,68,33
632,68.0000,68,33
654,68.0000,68,33
662,68.0000,68,33
691,68.0000,68,33
772,68.0000,68,33
834,68.0000,68,33
902,68.0000,68,33
906,68.0000,68,33
995,68.0000,68,33
1004,68.0000,68,33
1173,68.0000,68,33
1187,68.0000,68,33
1237,68.0000,68,33
1256,68.0000,68,33
1277,68.0000,68,33
1283,68.0000,68,33
1292,68.0000,68,33
1360,68.0000,68,33
1517,68.0000,68,33
1613,68.0000,68,33
1936,68.0000,68,33
2020,68.0000,68,33
2024,68.0000,68,33
2045,68.0000,68,33
2113,68.0000,68,33
2122,68.0000,68,33
2131,68.0000,68,33
2158,68.0000,68,33
2206,68.0000,68,33
2294,68.0000,68,33
2311,68.0000,68,33
2339,68.0000,68,33
2389,68.0000,68,33
2555,68.0000,68,33
2609,68.0000,68,33
2680,68.0000,68,33
2701,68.0000,68,33
2923,68.0000,68,33
2976,68.0000,68,33
3134,68.0000,68,33
3192,68.0000,68,33
3236,68.0000,68,33
3264,68.0000,68,33
3316,68.0000,68,33
3416,68.0000,68,33
3533,68.0000,68,33
3647,68.0000,68,33
3665,68.0000,68,33
3850,68.0000,68,33
33,67.0000,67,34
99,67.0000,67,34
103,67.0000,67,34
108,67.0000,67,34
130,67.0000,67,34
164,67.0000,67,34
173,67.0000,67,34
319,67.0000,67,34
399,67.0000,67,34
444,67.0000,67,34
516,67.0000,67,34
696,67.0000,67,34
915,67.0000,67,34
969,67.0000,67,34
972,67.0000,67,34
1113,67.0000,67,34
1124,67.0000,67,34
1258,67.0000,67,34
1315,67.0000,67,34
1371,67.0000,67,34
1398,67.0000,67,34
1483,67.0000,67,34
1695,67.0000,67,34
1700,67.0000,67,34
1807,67.0000,67,34
1854,67.0000,67,34
1934,67.0000,67,34
1959,67.0000,67,34
2031,67.0000,67,34
2219,67.0000,67,34
2280,67.0000,67,34
2347,67.0000,67,34
2358,67.0000,67,34
2453,67.0000,67,34
2816,67.0000,67,34
2830,67.0000,67,34
2901,67.0000,67,34
2920,67.0000,67,34
2956,67.0000,67,34
3045,67.0000,67,34
3211,67.0000,67,34
3230,67.0000,67,34
3287,67.0000,67,34
3318,67.0000,67,34
3358,67.0000,67,34
3482,67.0000,67,34
3529,67.0000,67,34
3574,67.0000,67,34
3619,67.0000,67,34
3649,67.0000,67,34
3657,67.0000,67,34
248,66.0000,66,35
401,66.0000,66,35
409,66.0000,66,35
476,66.0000,66,35
599,66.0000,66,35
674,66.0000,66,35
705,66.0000,66,35
745,66.0000,66,35
871,66.0000,66,35
971,66.0000,66,35
1025,66.0000,66,35
1112,66.0000,66,35
1149,66.0000,66,35
1158,66.0000,66,35
1358,66.0000,66,35
1503,66.0000,66,35
1521,66.0000,66,35
1535,66.0000,66,35
1659,66.0000,66,35
1995,66.0000,66,35
2073,66.0000,66,35
2144,66.0000,66,35
2223,66.0000,66,35
2235,66.0000,66,35
2243,66.0000,66,35
2249,66.0000,66,35
2367,66.0000,66,35
2381,66.0000,66,35
2433,66.0000,66,35
2591,66.0000,66,35
2745,66.0000,66,35
2751,66.0000,66,35
2780,66.0000,66,35
2917,66.0000,66,35
3117,66.0000,66,35
3135,66.0000,66,35
3164,66.0000,66,35
3354,66.0000,66,35
3382,66.0000,66,35
3472,66.0000,66,35
3520,66.0000,66,35
3542,66.0000,66,35
3553,66.0000,66,35
3580,66.0000,66,35
3638,66.0000,66,35
3672,66.0000,66,35
3698,66.0000,66,35
3702,66.0000,66,35
3784,66.0000,66,35
113,65.0000,65,36
134,65.0000,65,36
165,65.0000,65,36
394,65.0000,65,36
396,65.0000,65,36
461,65.0000,65,36
514,65.0000,65,36
562,65.0000,65,36
784,65.0000,65,36
875,65.0000,65,36
878,65.0000,65,36
1119,65.0000,65,36
1130,65.0000,65,36
1331,65.0000,65,36
1377,65.0000,65,36
1539,65.0000,65,36
1640,65.0000,65,36
2003,65.0000,65,36
2224,65.0000,65,36
2340,65.0000,65,36
2445,65.0000,65,36
2447,65.0000,65,36
2615,65.0000,65,36
2683,65.0000,65,36
2818,65.0000,65,36
2974,65.0000,65,36
3006,65.0000,65,36
3013,65.0000,65,36
3015,65.0000,65,36
3212,65.0000,65,36
3224,65.0000,65,36
3367,65.0000,65,36
3404,65.0000,65,36
3493,65.0000,65,36
3508,65.0000,65,36
3675,65.0000,65,36
3703,65.0000,65,36
3706,65.0000,65,36
3778,65.0000,65,36
3789,65.0000,65,36
3821,65.0000,65,36
3890,65.0000,65,36
2,64.0000,64,37
58,64.0000,64,37
148,64.0000,64,37
206,64.0000,64,37
216,64.0000,64,37
334,64.0000,64,37
354,64.0000,64,37
363,64.0000,64,37
429,64.0000,64,37
545,64.0000,64,37
549,64.0000,64,37
893,64.0000,64,37
918,64.0000,64,37
963,64.0000,64,37
1051,64.0000,64,37
1057,64.0000,64,37
1166,64.0000,64,37
1186,64.0000,64,37
1221,64.0000,64,37
1260,64.0000,64,37
1295,64.0000,64,37
1372,64.0000,64,37
1380,64.0000,64,37
1386,64.0000,64,37
1435,64.0000,64,37
1618,64.0000,64,37
1629,64.0000,64,37
1667,64.0000,64,37
1777,64.0000,64,37
1861,64.0000,64,37
1873,64.0000,64,37
2049,64.0000,64,37
2226,64.0000,64,37
2233,64.0000,64,37
2348,64.0000,64,37
2362,64.0000,64,37
2391,64.0000,64,37
2672,64.0000,64,37
2753,64.0000,64,37
2900,64.0000,64,37
2925,64.0000,64,37
2993,64.0000,64,37
3036,64.0000,64,37
3052,64.0000,64,37
3089,64.0000,64,37
3099,64.0000,64,37
3152,64.0000,64,37
3328,64.0000,64,37
3425,64.0000,64,37
3861,64.0000,64,37
3870,64.0000,64,37
3886,64.0000,64,37
3894,64.0000,64,37
471,63.0000,63,38
487,63.0000,63,38
497,63.0000,63,38
506,63.0000,63,38
601,63.0000,63,38
623,63.0000,63,38
698,63.0000,63,38
716,63.0000,63,38
832,63.0000,63,38
927,63.0000,63,38
944,63.0000,63,38
964,63.0000,63,38
991,63.0000,63,38
1218,63.0000,63,38
1305,63.0000,63,38
1330,63.0000,63,38
1368,63.0000,63,38
1474,63.0000,63,38
1530,63.0000,63,38
1570,63.0000,63,38
1650,63.0000,63,38
1745,63.0000,63,38
1813,63.0000,63,38
1904,63.0000,63,38
1923,63.0000,63,38
1925,63.0000,63,38
2037,63.0000,63,38
2061,63.0000,63,38
2063,63.0000,63,38
2096,63.0000,63,38
2182,63.0000,63,38
2285,63.0000,63,38
2306,63.0000,63,38
2327,63.0000,63,38
2331,63.0000,63,38
2376,63.0000,63,38
2466,63.0000,63,38
2513,63.0000,63,38
2549,63.0000,63,38
2575,63.0000,63,38
2689,63.0000,63,38
2791,63.0000,63,38
2824,63.0000,63,38
2943,63.0000,63,38
2948,63.0000,63,38
3074,63.0000,63,38
3094,63.0000,63,38
3097,63.0000,63,38
3288,63.0000,63,38
3441,63.0000,63,38
3445,63.0000,63,38
3539,63.0000,63,38
3776,63.0000,63,38
3880,63.0000,63,38
22,62.0000,62,39
94,62.0000,62,39
289,62.0000,62,39
379,62.0000,62,39
493,62.0000,62,39
515,62.0000,62,39
551,62.0000,62,39
563,62.0000,62,39
678,62.0000,62,39
721,62.0000,62,39
786,62.0000,62,39
815,62.0000,62,39
829,62.0000,62,39
983,62.0000,62,39
1008,62.0000,62,39
1062,62.0000,62,39
1087,62.0000,62,39
1108,62.0000,62,39
1123,62.0000,62,39
1171,62.0000,62,39
1210,62.0000,62,39
1263,62.0000,62,39
1324,62.0000,62,39
1616,62.0000,62,39
1674,62.0000,62,39
1780,62.0000,62,39
1806,62.0000,62,39
1814,62.0000,62,39
1866,62.0000,62,39
1878,62.0000,62,39
2196,62.0000,62,39
2221,62.0000,62,39
2393,62.0000,62,39
2530,62.0000,62,39
2561,62.0000,62,39
2563,62.0000,62,39
2616,62.0000,62,39
2718,62.0000,62,39
2748,62.0000,62,39
2777,62.0000,62,39
2809,62.0000,62,39
2826,62.0000,62,39
2970,62.0000,62,39
3387,62.0000,62,39
3438,62.0000,62,39
3503,62.0000,62,39
3712,62.0000,62,39
3732,62.0000,62,39
182,61.0000,61,40
201,61.0000,61,40
217,61.0000,61,40
282,61.0000,61,40
726,61.0000,61,40
850,61.0000,61,40
882,61.0000,61,40
973,61.0000,61,40
1090,61.0000,61,40
1111,61.0000,61,40
1202,61.0000,61,40
1293,61.0000,61,40
1357,61.0000,61,40
1373,61.0000,61,40
1408,61.0000,61,40
1476,61.0000,61,40
1484,61.0000,61,40
1692,61.0000,61,40
1737,61.0000,61,40
1739,61.0000,61,40
1855,61.0000,61,40
1896,61.0000,61,40
2592,61.0000,61,40
2755,61.0000,61,40
2881,61.0000,61,40
3289,61.0000,61,40
3363,61.0000,61,40
3389,61.0000,61,40
3403,61.0000,61,40
3483,61.0000,61,40
3705,61.0000,61,40
3760,61.0000,61,40
3856,61.0000,61,40
40,60.0000,60,41
166,60.0000,60,41
304,60.0000,60,41
534,60.0000,60,41
558,60.0000,60,41
589,60.0000,60,41
635,60.0000,60,41
677,60.0000,60,41
712,60.0000,60,41
777,60.0000,60,41
853,60.0000,60,41
858,60.0000,60,41
895,60.0000,60,41
923,60.0000,60,41
1002,60.0000,60,41
1247,60.0000,60,41
1296,60.0000,60,41
1333,60.0000,60,41
1424,60.0000,60,41
1434,60.0000,60,41
1827,60.0000,60,41
1862,60.0000,60,41
1937,60.0000,60,41
2054,60.0000,60,41
2125,60.0000,60,41
2164,60.0000,60,41
2365,60.0000,60,41
2383,60.0000,60,41
2452,60.0000,60,41
2477,60.0000,60,41
2550,60.0000,60,41
2642,60.0000,60,41
2792,60.0000,60,41
3008,60.0000,60,41
3026,60.0000,60,41
3050,60.0000,60,41
3254,60.0000,60,41
3270,60.0000,60,41
3295,60.0000,60,41
3304,60.0000,60,41
3399,60.0000,60,41
3421,60.0000,60,41
3454,60.0000,60,41
3651,60.0000,60,41
3683,60.0000,60,41
3722,60.0000,60,41
3774,60.0000,60,41
3779,60.0000,60,41
3849,60.0000,60,41
